{
  "name": "soundscape",
  "title": "Soundscape",
  "description": "Soundscape is a module that allows you to easily mix multiple audio tracks into a soundscape that can be customized on the fly.",
  "version": "1.0.3",
  "author": "CDeenen",
  "esmodules": ["./soundscape.js"],
  "scripts": [
    "./lib/jszip/jszip-utils.min.js",
    "./lib/jszip/jszip.min.js",
    "./lib/FileSaver.min.js"
  ],
  "socket": true,
  "minimumCoreVersion": "0.8.6",
  "compatibleCoreVersion": "0.8.9",
  "languages": [
    {
      "lang": "en",
      "name": "English",
      "path": "lang/en.json"
    }
  ],
  "url": "https://github.com/CDeenen/Soundscape",
  "manifest": "https://raw.githubusercontent.com/CDeenen/Soundscape/forgeCompatibility/module.json",
  "download": "https://github.com/CDeenen/Soundscape/archive/forgeCompatibiliy.zip"
}