{
    "name": "Soundscape",
    "title": "Soundscape",
    "description": "Soundscape is a module that allows you to easily mix multiple audio tracks into a soundscape that can be customized on the fly.",
    "version": "0.4.0",
    "author": "CDeenen",
    "esmodules": ["./soundscape.js"],
    "socket": true,
    "minimumCoreVersion": "0.8.6",
    "compatibleCoreVersion": "0.8.6",
    "languages": [
      {
        "lang": "en",
        "name": "English",
        "path": "lang/en.json"
      }
    ],
    "url": "https://github.com/CDeenen/Soundscape",
    "manifest": "https://raw.githubusercontent.com/CDeenen/Soundscape/master/module.json",
    "download": "https://github.com/CDeenen/Soundscape/archive/master.zip"
  }